class_id,class_name,boxes_train,boxes_train_pct,boxes_val,boxes_val_pct,boxes_test,boxes_test_pct,boxes_total,images_with_class_train,images_with_class_train_pct,images_with_class_val,images_with_class_val_pct,images_with_class_test,images_with_class_test_pct,images_with_class_total,dev_train_pp,dev_val_pp,dev_test_pp,max_abs_dev_pp,excluded_from_aggregate_metric
0,helmet,11537,70.0,3296,20.0,1649,10.0,16482,5077,72.86,1322,18.97,569,8.17,6968,-0.0,-0.0,0.0,0.0,False
1,no_helmet,5797,70.02,1655,19.99,827,9.99,8279,1316,51.69,731,28.71,499,19.6,2546,0.02,-0.01,-0.01,0.02,False
2,vest,2033,70.01,581,20.01,290,9.99,2904,1121,60.79,472,25.6,251,13.61,1844,0.01,0.01,-0.01,0.01,False
3,no_vest,786,69.99,225,20.04,112,9.97,1123,371,56.55,180,27.44,105,16.01,656,-0.01,0.04,-0.03,0.04,False
4,gloves,3515,70.02,1004,20.0,501,9.98,5020,1401,60.54,576,24.89,337,14.56,2314,0.02,0.0,-0.02,0.02,False
5,no_gloves,4315,70.03,1231,19.98,616,10.0,6162,1993,70.62,533,18.89,296,10.49,2822,0.03,-0.02,-0.0,0.03,False
6,goggles,2581,70.02,737,19.99,368,9.98,3686,2279,69.46,660,20.12,342,10.42,3281,0.02,-0.01,-0.02,0.02,False
7,no_goggles,2708,70.01,774,20.01,386,9.98,3868,1970,65.93,675,22.59,343,11.48,2988,0.01,0.01,-0.02,0.02,False
8,boots,777,70.06,221,19.93,111,10.01,1109,348,67.7,107,20.82,59,11.48,514,0.06,-0.07,0.01,0.07,False
9,no_boots,26,70.27,7,18.92,4,10.81,37,14,66.67,4,19.05,3,14.29,21,0.27,-1.08,0.81,1.08,True
10,mask,830,70.04,237,20.0,118,9.96,1185,250,47.8,163,31.17,110,21.03,523,0.04,0.0,-0.04,0.04,False
11,no_mask,927,70.02,265,20.02,132,9.97,1324,755,68.33,221,20.0,129,11.67,1105,0.02,0.02,-0.03,0.03,False
,TOTAL,35832,70.01,10233,19.99,5114,9.99,51179,12566,70.0,3590,20.0,1795,10.0,17951,,,,,
,BACKGROUND_IMAGES,,,,,,,,411,70.02,117,19.93,59,10.05,587,0.02,-0.07,0.05,,
