class_id,class_name,boxes_train,boxes_val,boxes_test,boxes_total,images_train,images_val,images_test,images_total,pct_train,pct_val,pct_test,dev_train,dev_val,dev_test,max_abs_dev,flag_ratio
0,helmet,11533,3300,1649,16482,5025,1362,581,6968,69.97,20.02,10.0,-0.03,0.02,0.0,0.03,OK
1,no_helmet,5797,1655,827,8279,1260,758,528,2546,70.02,19.99,9.99,0.02,-0.01,-0.01,0.02,OK
2,vest,2033,581,290,2904,1094,487,263,1844,70.01,20.01,9.99,0.01,0.01,-0.01,0.01,OK
3,no_vest,786,225,112,1123,355,190,111,656,69.99,20.04,9.97,-0.01,0.04,-0.03,0.04,OK
4,gloves,3514,1004,502,5020,1387,592,335,2314,70.0,20.0,10.0,0.0,0.0,0.0,0.0,OK
5,no_gloves,4313,1232,617,6162,1985,544,293,2822,69.99,19.99,10.01,-0.01,-0.01,0.01,0.01,OK
6,goggles,2581,737,368,3686,2259,675,347,3281,70.02,19.99,9.98,0.02,-0.01,-0.02,0.02,OK
7,no_goggles,2708,774,386,3868,1933,692,363,2988,70.01,20.01,9.98,0.01,0.01,-0.02,0.02,OK
8,boots,777,222,110,1109,341,114,59,514,70.06,20.02,9.92,0.06,0.02,-0.08,0.08,OK
9,no_boots,26,7,4,37,14,4,3,21,70.27,18.92,10.81,0.27,-1.08,0.81,1.08,OK
10,mask,830,237,118,1185,238,175,110,523,70.04,20.0,9.96,0.04,0.0,-0.04,0.04,OK
11,no_mask,927,265,132,1324,740,238,127,1105,70.02,20.02,9.97,0.02,0.02,-0.03,0.03,OK
,TOTAL,35825,10239,5115,51179,12566,3590,1795,17951,70.0,20.01,9.99,0.0,0.01,-0.01,0.01,OK
